{
  "train_loss": [
    1.2678734555840492,
    1.05069134136041,
    0.9825046526889006,
    0.9172177379329999,
    0.865797441204389,
    0.8151236847043037,
    0.7710249746839205,
    0.7316836262742679,
    0.7253424922625223
  ],
  "val_loss": [
    1.189920661124316,
    1.1641832698475232,
    1.1772231595082716,
    1.206230716271834,
    1.1654685546051373,
    1.1470681672746486,
    1.1662367717786268,
    1.1591150814836675,
    1.1716576706279407
  ],
  "val_accuracy": [
    0.45058139534883723,
    0.4622093023255814,
    0.46511627906976744,
    0.4680232558139535,
    0.4622093023255814,
    0.48546511627906974,
    0.4680232558139535,
    0.4622093023255814,
    0.47674418604651164
  ],
  "val_f1": [
    0.4240535624502917,
    0.44642205184373857,
    0.4512305641904546,
    0.4481007240863487,
    0.4552313689348616,
    0.4748302193361664,
    0.4570552731968957,
    0.45571590162738085,
    0.47069892473118286
  ]
}