{
  "train_loss": [
    1.3842526217301687,
    1.3406198620796204,
    1.3239736994107565,
    1.3207477072874705,
    1.3102429151535033,
    1.3051717738310495,
    1.3025711953639985,
    1.2930560608704884,
    1.301126249631246,
    1.2874436974525452,
    1.2978750705718993,
    1.2916651626427968,
    1.287449723482132,
    1.27886510292689
  ],
  "val_loss": [
    1.372348433191126,
    1.3382866545157,
    1.3508174907077442,
    1.3027492653239856,
    1.307780227877877,
    1.2960255633700977,
    1.2910518646240234,
    1.3263518322597851,
    1.3301617611538281,
    1.3073971217328852,
    1.2913538976149126,
    1.2908926226875999,
    1.3027481057427146,
    1.2868682904676958
  ],
  "val_accuracy": [
    0.311046511627907,
    0.29941860465116277,
    0.27325581395348836,
    0.3546511627906977,
    0.36627906976744184,
    0.35755813953488375,
    0.38372093023255816,
    0.32558139534883723,
    0.3226744186046512,
    0.36046511627906974,
    0.375,
    0.3546511627906977,
    0.3313953488372093,
    0.36046511627906974
  ],
  "val_f1": [
    0.17916834926190156,
    0.14365825884848768,
    0.10755148741418764,
    0.24687623159327865,
    0.26277190699905595,
    0.26323147440794503,
    0.299356181500266,
    0.2067240082507258,
    0.19924389542201604,
    0.24491835103345894,
    0.2836255870322678,
    0.2641800287773627,
    0.21785993592169328,
    0.27459498992495596
  ]
}